アンケート情報,,,,,,,,Q1,Q2,Q3,Q4,,Q5,,,,,,,,,,,,,,,,,,Q6,Q7,Q8,,Q9,,Q10,,,,,,,,,,,,,,,,,,,,,,,,,,,,Q11,Q12,,,,,,,,,,,,,,,,,,,,,,Q13,,,,,,,,,,,,,,,,,,Q14,Q15,Q16,,Q17,,,,,,,,,,Q18,,,,,,,,,,,,,,,,,,,,,,,,,,,,Q19,Q20
id,QRコード読取日時,アンケート回答日時,言語,会員ID,県,エリア,業種,生まれ年,性別,国籍,世帯年収(金額),世帯年収(通貨),訪日目的ALL,観光・レジャー,家族・知人訪問,ハネムーン,学校関係の旅行,スポーツ・スポーツ観戦,イベント,留学,治療・検診,インセンティブツアー,ビジネス（展示会・見本市）,ビジネス（国際会議）,ビジネス（企業ミーティング）,ビジネス（研修）,ビジネス（その他ビジネス）,トランジット,日本国内在住,その他,同伴者,滞在日数,旅の総予算(金額),旅の総予算(通貨),宿泊予算(金額),宿泊予算(通貨),旅行情報元ALL,日本政府観光局(JNTO)ホームページ,旅行会社ホームページ,宿泊施設ホームページ,航空会社ホームページ,地方観光協会ホームページ,宿泊予約サイト(例：Agoda、Expedia、Booking.com等),口コミサイト（Tripadvisor等）,"Google Mapなどの地図アプリやサイトでの検索",Instagram,"X (Twitter)",Facebook,YouTube,その他SNS,個人のブログ,その他インターネットサイト（検索サイトを除く）,日本政府観光局の案内所,旅行会社パンフレット,旅行ガイドブック,自国の親戚・知人,日本在住の親族・知人,旅行の展示会や見本市,テレビ番組,新聞,旅行専門誌,その他雑誌,その他,特になし,訪日回数,訪問目的(県)ALL,日本食を食べること,日本の酒を飲むこと（日本酒・焼酎等）,旅館に宿泊,温泉入浴,自然・景勝地観光,繁華街の街歩き,ショッピング,美術館・博物館・動植物園・水族館,テーマパーク,スキー・スノーボード,その他スポーツ（ゴルフ等）,舞台・音楽鑑賞,スポーツ観戦（相撲・サッカー等）,自然体験ツアー・農山漁村体験,四季の体感（花見・紅葉・雪等）,映画・アニメ縁の地を訪問,日本の歴史・伝統文化体験,日本の日常生活体験,日本のポップカルチャーを楽しむ,治療・検診,上記には当てはまるものがない,訪問目的(施設)ALL,行きたい観光スポットがあったから,景観・自然・気候を楽しみたいから,行きたいお店・ここでしか購入できないものがあるから,泊まりたいホテル・旅館があるから,温泉を楽しみたいから,地域の食事や特産品を味わいたい（or買いたい）から,ドライブ・ツーリングを楽しみたいから,写真を撮影したいから,日常を離れ、バカンスを楽しみたいから,費用が手頃だから,以前に訪問し気に入ったから,友人・知人に勧められたから,テレビ・雑誌・インターネットで紹介されていたから,同行者が訪問したがったから,ツアーに組み込まれていたから,出張など用事があったため,その他,満足度(施設),満足度の理由(施設),一人当たりの消費額(施設)(金額),一人当たりの消費額(施設)(通貨),交通手段(施設)ALL,レンタカー,借上バス,路線バス,タクシー,ハイヤー,自転車,鉄道,徒歩,その他,認知経路(施設)ALL,日本政府観光局(JNTO)ホームページ,旅行会社ホームページ,宿泊施設ホームページ,航空会社ホームページ,地方観光協会ホームページ,宿泊予約サイト(例：Agoda、Expedia、Booking.com等),口コミサイト（Tripadvisor等）,"Google Mapなどの地図アプリやサイトでの検索",Instagram,"X (Twitter)",Facebook,YouTube,その他SNS,個人のブログ,その他インターネットサイト（検索サイトを除く）,日本政府観光局の案内所,旅行会社パンフレット,旅行ガイドブック,自国の親戚・知人,日本在住の親族・知人,旅行の展示会や見本市,テレビ番組,新聞,旅行専門誌,その他雑誌,その他,特になし,家族・知人への推奨度(施設),推奨度の理由(旅行)
1736,"2026-07-14 19:00:53","2026-07-14 19:00:53",英語,1696,福井県,福井,体験・観光施設,1988,女,"台湾 ",40000,ドル/アメリカ　$(USD),"観光・レジャー
",1,0,0,0,0,0,0,0,0,0,0,0,0,0,0,0,0,家族・親族（子ども連れ）,4,200000,円/日本　￥(JPY),12000,円/日本　￥(JPY),"日本政府観光局(JNTO)ホームページ
宿泊施設ホームページ
口コミサイト（Tripadvisor等）
Google Mapなどの地図アプリやサイトでの検索
その他SNS
",1,0,1,0,0,0,1,1,0,0,0,0,1,0,0,0,0,0,0,0,0,0,0,0,0,0,0,5,"温泉入浴
繁華街の街歩き
美術館・博物館・動植物園・水族館
",0,0,0,1,0,1,0,1,0,0,0,0,0,0,0,0,0,0,0,0,0,"ツアーに組み込まれていたから
",0,0,0,0,0,0,0,0,0,0,0,0,0,0,1,0,0,やや満足,,0,円/日本　￥(JPY),"借上バス
",0,1,0,0,0,0,0,0,0,"旅行の展示会や見本市
",0,0,0,0,0,0,0,0,0,0,0,0,0,0,0,0,0,0,0,0,1,0,0,0,0,0,0,6,
1737,"2026-07-14 19:03:31","2026-07-14 19:03:31",英語,1697,福井県,福井,体験・観光施設,2003,男,その他,1000000,円/日本　￥(JPY),"日本国内在住
",0,0,0,0,0,0,0,0,0,0,0,0,0,0,0,1,0,自分ひとり,,100000,円/日本　￥(JPY),3000,円/日本　￥(JPY),"YouTube
",0,0,0,0,0,0,0,0,0,0,0,1,0,0,0,0,0,0,0,0,0,0,0,0,0,0,0,1,"日本食を食べること
",1,0,0,0,0,0,0,0,0,0,0,0,0,0,0,0,0,0,0,0,0,"泊まりたいホテル・旅館があるから
",0,0,0,1,0,0,0,0,0,0,0,0,0,0,0,0,0,大変満足,,0,円/日本　￥(JPY),"借上バス
",0,1,0,0,0,0,0,0,0,"YouTube
",0,0,0,0,0,0,0,0,0,0,0,1,0,0,0,0,0,0,0,0,0,0,0,0,0,0,0,3,
1738,"2026-07-14 19:09:51","2026-07-14 19:09:51",英語,1698,福井県,福井,体験・観光施設,1962,男,その他,10000000,円/日本　￥(JPY),"イベント
",0,0,0,0,0,1,0,0,0,0,0,0,0,0,0,0,0,自分ひとり,5,100000,円/日本　￥(JPY),50000,円/日本　￥(JPY),"航空会社ホームページ
",0,0,0,1,0,0,0,0,0,0,0,0,0,0,0,0,0,0,0,0,0,0,0,0,0,0,0,1,"日本食を食べること
",1,0,0,0,0,0,0,0,0,0,0,0,0,0,0,0,0,0,0,0,0,"行きたい観光スポットがあったから
",1,0,0,0,0,0,0,0,0,0,0,0,0,0,0,0,0,大変満足,,100000,円/日本　￥(JPY),"借上バス
",0,1,0,0,0,0,0,0,0,"日本政府観光局(JNTO)ホームページ
",1,0,0,0,0,0,0,0,0,0,0,0,0,0,0,0,0,0,0,0,0,0,0,0,0,0,0,10,
1739,"2026-07-14 19:13:45","2026-07-14 19:13:45",英語,1699,福井県,福井,体験・観光施設,2001,女,"台湾 ",100,ドル/アメリカ　$(USD),"ビジネス（国際会議）
",0,0,0,0,0,0,0,0,0,0,1,0,0,0,0,0,0,友人・知人,4,50000,円/日本　￥(JPY),15000,円/日本　￥(JPY),"Instagram
",0,0,0,0,0,0,0,0,1,0,0,0,0,0,0,0,0,0,0,0,0,0,0,0,0,0,0,2,"上記には当てはまるものがない(Conference)
",0,0,0,0,0,0,0,0,0,0,0,0,0,0,0,0,0,0,0,0,1,"ツアーに組み込まれていたから
",0,0,0,0,0,0,0,0,0,0,0,0,0,0,1,0,0,満足,,0,円/日本　￥(JPY),"路線バス
",0,0,1,0,0,0,0,0,0,"Instagram
",0,0,0,0,0,0,0,0,1,0,0,0,0,0,0,0,0,0,0,0,0,0,0,0,0,0,0,8,
1740,"2026-07-14 19:13:46","2026-07-14 19:13:46",英語,1700,福井県,福井,体験・観光施設,2001,女,"台湾 ",0,ドル/アメリカ　$(USD),"ビジネス（国際会議）
",0,0,0,0,0,0,0,0,0,0,1,0,0,0,0,0,0,友人・知人,5,50000,円/日本　￥(JPY),15000,円/日本　￥(JPY),"Google Mapなどの地図アプリやサイトでの検索
Instagram
",0,0,0,0,0,0,0,1,1,0,0,0,0,0,0,0,0,0,0,0,0,0,0,0,0,0,0,10,"上記には当てはまるものがない(Conference )
",0,0,0,0,0,0,0,0,0,0,0,0,0,0,0,0,0,0,0,0,1,"テレビ・雑誌・インターネットで紹介されていたから
ツアーに組み込まれていたから
",0,0,0,0,0,0,0,0,0,0,0,0,1,0,1,0,0,満足,,0,円/日本　￥(JPY),"路線バス
",0,0,1,0,0,0,0,0,0,"Instagram
",0,0,0,0,0,0,0,0,1,0,0,0,0,0,0,0,0,0,0,0,0,0,0,0,0,0,0,8,
1741,"2026-07-14 19:17:00","2026-07-14 19:17:00",英語,1701,福井県,福井,体験・観光施設,2001,女,"台湾 ",35000,ドル/アメリカ　$(USD),"ビジネス（国際会議）
",0,0,0,0,0,0,0,0,0,0,1,0,0,0,0,0,0,友人・知人,8,200000,円/日本　￥(JPY),50000,円/日本　￥(JPY),"Google Mapなどの地図アプリやサイトでの検索
Instagram
YouTube
その他インターネットサイト（検索サイトを除く）
",0,0,0,0,0,0,0,1,1,0,0,1,0,0,1,0,0,0,0,0,0,0,0,0,0,0,0,3,"日本食を食べること
自然・景勝地観光
繁華街の街歩き
日本の歴史・伝統文化体験
",1,0,0,0,1,1,0,0,0,0,0,0,0,0,0,0,1,0,0,0,0,"写真を撮影したいから
ツアーに組み込まれていたから
出張など用事があったため
",0,0,0,0,0,0,0,1,0,0,0,0,0,0,1,1,0,満足,,10,ドル/アメリカ　$(USD),"借上バス
",0,1,0,0,0,0,0,0,0,"旅行会社ホームページ
その他インターネットサイト（検索サイトを除く）
旅行会社パンフレット
",0,1,0,0,0,0,0,0,0,0,0,0,0,0,1,0,1,0,0,0,0,0,0,0,0,0,0,7,
1742,"2026-07-14 21:37:23","2026-07-14 21:37:23",英語,1702,福井県,永平寺・奥越,体験・観光施設,1973,男,"台湾 ",50000,ドル/アメリカ　$(USD),"観光・レジャー
",1,0,0,0,0,0,0,0,0,0,0,0,0,0,0,0,0,家族・親族（子ども連れ）,日帰り,100000,円/日本　￥(JPY),100000,円/日本　￥(JPY),"日本政府観光局(JNTO)ホームページ
旅行会社ホームページ
Facebook
",1,1,0,0,0,0,0,0,0,0,1,0,0,0,0,0,0,0,0,0,0,0,0,0,0,0,0,30,"温泉入浴
",0,0,0,1,0,0,0,0,0,0,0,0,0,0,0,0,0,0,0,0,0,"行きたい観光スポットがあったから
",1,0,0,0,0,0,0,0,0,0,0,0,0,0,0,0,0,満足,,10000,円/日本　￥(JPY),"路線バス
",0,0,1,0,0,0,0,0,0,"日本政府観光局(JNTO)ホームページ
旅行会社ホームページ
Facebook
",1,1,0,0,0,0,0,0,0,0,1,0,0,0,0,0,0,0,0,0,0,0,0,0,0,0,0,8,
1743,"2026-07-14 21:38:50","2026-07-14 21:38:50",英語,1703,福井県,福井,体験・観光施設,1977,男,"台湾 ",37500,ドル/アメリカ　$(USD),"イベント
ビジネス（国際会議）
",0,0,0,0,0,1,0,0,0,0,1,0,0,0,0,0,0,自分ひとり,5,2400,ドル/アメリカ　$(USD),312,ドル/アメリカ　$(USD),"日本政府観光局(JNTO)ホームページ
宿泊予約サイト(例：Agoda、Expedia、Booking.com等)
Google Mapなどの地図アプリやサイトでの検索
Facebook
個人のブログ
",1,0,0,0,0,1,0,1,0,0,1,0,0,1,0,0,0,0,0,0,0,0,0,0,0,0,0,6,"温泉入浴
繁華街の街歩き
ショッピング
日本の歴史・伝統文化体験
日本の日常生活体験
",0,0,0,1,0,1,1,0,0,0,0,0,0,0,0,0,1,1,0,0,0,"景観・自然・気候を楽しみたいから
地域の食事や特産品を味わいたい（or買いたい）から
写真を撮影したいから
ツアーに組み込まれていたから
",0,1,0,0,0,1,0,1,0,0,0,0,0,0,1,0,0,満足,"More time to visit it would be better",3900,円/日本　￥(JPY),"借上バス
",0,1,0,0,0,0,0,0,0,"地方観光協会ホームページ
Google Mapなどの地図アプリやサイトでの検索
",0,0,0,0,1,0,0,1,0,0,0,0,0,0,0,0,0,0,0,0,0,0,0,0,0,0,0,10,"If possible, I would like to change the banquet back to be held indoors at the hotel (the format used in iiai aai in 2023), to balance avoiding the heat and maintaining a more formal atmosphere. Thank you for your thoughtful consideration."
